ID,VIA,CONC,PORT,TMDA,AMP,MAX
A01_01,A1,Brisa,Via gratuita,2.004082551,-1.061159315,-1.657841827
A01_02,A1,Brisa,Via gratuita,1.762565818,-1.051718183,-1.673746079
A01_03,A1,Brisa,Via gratuita,1.541457088,-1.028275302,-1.670429148
A01_04,A1,Brisa,Via com portagem,1.028160393,-0.883343852,-1.524402293
A01_05,A1,Brisa,Via com portagem,1.051329982,-0.875716038,-1.481775601
A01_06,A1,Brisa,Via com portagem,0.68823155,-0.654436728,-0.916075835
A01_07,A1,Brisa,Via com portagem,0.660039532,-0.641056988,-0.849105565
A01_08,A1,Brisa,Via com portagem,0.97545081,-0.499394857,-0.662309858
A01_09,A1,Brisa,Via com portagem,0.460904462,-0.192277729,-0.210235886
A01_10,A1,Brisa,Via com portagem,0.135831143,0.019657154,-0.06606263
A01_11,A1,Brisa,Via com portagem,0.156062519,0.001310613,-0.06627963
A01_12,A1,Brisa,Via com portagem,0.258529114,0.450417097,0.390564482
A01_13,A1,Brisa,Via com portagem,0.182147936,0.564543191,0.432220262
A01_14,A1,Brisa,Via com portagem,-0.17114967,0.695930516,0.470981506
A01_15,A1,Brisa,Via com portagem,-0.138573056,1.005305923,0.722707844
A01_16,A1,Brisa,Via com portagem,-0.153696856,1.033991284,0.711424297
A01_17,A1,Brisa,Via com portagem,-0.155849664,0.975276456,0.689179973
A01_18,A1,Brisa,Via com portagem,-0.14888104,0.958646652,0.68066523
A01_19,A1,Brisa,Via com portagem,-0.065686832,0.892258948,0.699462664
A01_20,A1,Brisa,Via com portagem,-0.11477163,0.935739285,0.723494937
A01_21,A1,Brisa,Via com portagem,-0.093663621,0.475618064,0.376111495
A01_22,A1,Brisa,Via com portagem,-0.11468302,0.485112815,0.403894634
A01_23,A1,Brisa,Via com portagem,-0.186197363,0.544137063,0.423622211
A01_24,A1,Brisa,Via com portagem,0.337381807,0.30991074,0.409393406
A01_25,A1,Brisa,Via com portagem,0.26299421,0.37226007,0.42901814
A01_26,A1,Brisa,Via com portagem,0.426185176,0.236707479,0.364701478
A01_27,A1,Brisa,Via com portagem,0.456245169,-0.067573969,0.04356977
A01_28,A1,Brisa,Via com portagem,1.227806085,-0.575136064,-0.287259508
A01_29,A1,Brisa,Via gratuita,0.324942132,-0.902209459,-0.940459122
A01_30,A1,Brisa,Via gratuita,1.134623189,-1.059711848,-1.736388019
A01_31,A1,IP,Via gratuita,1.207963525,-1.079452688,-1.596702094
A01_32,A1,IP,Via gratuita,2.487750305,-1.030873626,-0.878032327
A01_33,A1,IP,Via gratuita,2.43497002,-1.128968812,-1.30199632
A01_34,A1,IP,Via gratuita,2.43497002,-1.128968812,-1.30199632
A02_01,A2,Lusoponte,Via com portagem,3.369688959,-0.771548576,-0.517670508
A02_02,A2,Brisa,Via gratuita,1.603524198,-1.013864494,-1.008882968
A02_03,A2,Brisa,Via com portagem,0.136863707,-0.664922872,-0.574594269
A02_04,A2,Brisa,Via com portagem,0.009441653,-0.436639374,-0.250968793
A02_05,A2,Brisa,Via com portagem,0.039810892,-0.429779222,-0.24742977
A02_06,A2,Brisa,Via com portagem,-0.171714691,0.882987071,0.498871508
A02_07,A2,Brisa,Via com portagem,-0.213686167,0.966010252,0.504050557
A02_08,A2,Brisa,Via com portagem,-0.324455931,2.321881793,0.958427313
A02_09,A2,Brisa,Via com portagem,-0.397139342,2.452089171,0.991668363
A02_10,A2,Brisa,Via com portagem,-0.530798591,2.847967252,1.022493514
A02_11,A2,Brisa,Via com portagem,-0.622124409,3.544315608,1.089896198
A02_12,A2,Brisa,Via com portagem,-0.625101731,3.607823354,1.094726528
A02_13,A2,Brisa,Via com portagem,-0.592047607,3.460992613,1.078738129
A02_14,A2,Brisa,Via com portagem,-0.582336573,3.38210379,1.076330418
A02_15,A2,Brisa,Via com portagem,-0.590605362,3.387408024,1.063310525
A03_01,A3,Brisa,Via gratuita,2.121893245,-0.941437228,-1.038600526
A03_02,A3,Brisa,Via gratuita,2.968454759,-1.0274758,-1.682061451
A03_03,A3,Brisa,Via gratuita,1.269526685,-0.99047669,-1.496876892
A03_04,A3,Brisa,Via com portagem,0.864512274,-0.676435799,-0.951973875
A03_05,A3,Brisa,Via com portagem,0.622961415,-0.545812164,-0.565859825
A03_06,A3,Brisa,Via com portagem,-0.14253682,-0.182525158,-0.134564691
A03_07,A3,Brisa,Via com portagem,-0.19447688,-0.11586197,-0.117424167
A03_08,A3,Brisa,Via com portagem,-0.626573625,0.953041914,0.76486392
A03_09,A3,Brisa,Via com portagem,-0.650630573,1.47882148,0.946601241
A03_10,A3,Brisa,Via com portagem,-0.621963578,1.349034962,0.943224518
A03_11,A3,Brisa,Via com portagem,-0.539212669,0.948289156,0.913673707
A03_12,A3,Brisa,Via com portagem,-0.70736947,1.340538294,0.717969339
A03_13,A3,Brisa,Via com portagem,-0.718387174,1.198841707,0.608881455
A03_14,A3,IP,Via gratuita,-0.467420419,0.310096374,0.765119253
A03_15,A3,IP,Via gratuita,-0.431325959,0.043243637,0.72267949
A04_01,A4,Grande Porto,Via gratuita,0.417452476,-1.019578589,-0.801842049
A04_02,A4,Grande Porto,Via gratuita,0.930603545,-0.854478013,-1.328965379
A04_03,A4,Grande Porto,Via gratuita,0.928118516,-0.85563405,-1.305550635
A04_04,A4,Grande Porto,Via com portagem,0.683529938,-0.625709119,-1.317277283
A04_05,A4,Grande Porto,Via com portagem,0.578942043,-0.666068401,-1.420260542
A04_06,A4,Grande Porto,Via com portagem,0.772710298,-0.738021171,-1.276738286
A04_07,A4,Brisa,Via gratuita,1.57829928,-1.063288503,-1.329899194
A04_08,A4,Brisa,Via com portagem,0.377556095,-1.06331178,-1.32957362
A04_09,A4,Brisa,Via com portagem,0.291001493,-0.979360699,-1.118867801
A04_10,A4,Brisa,Via com portagem,0.307999518,-0.56342628,-0.08058094
A04_11,A4,Brisa,Via com portagem,0.307999518,-0.56342628,-0.08058094
A04_12,A4,Brisa,Via com portagem,0.138679056,-0.450460147,0.088202073
A04_13,A4,Brisa,Via com portagem,0.009402966,-0.335474977,0.226796287
A04_14,A4,Brisa,Via com portagem,0.011844831,-0.421732439,0.164456056
A04_15,A4,Brisa,Via com portagem,-0.141545731,-0.224919341,0.41610164
A04_16,A4,Brisa,Via com portagem,-0.339184749,0.223976786,0.707280751
A04_17,A4,Brisa,Via com portagem,-0.211738369,-0.10202622,0.603445642
A04_18,A4,Brisa,Via com portagem,-0.243365031,-0.108952698,0.580586067
A04_19,A4,IP,Via gratuita,-0.28248758,-0.310177561,0.878113699
A04_20,A4,IP,Via gratuita,-0.426645548,0.104516523,1.081940074
A04_21,A4,IP,Via com portagem,-0.56895024,0.25498359,0.64592147
A04_22,A4,IP,Via com portagem,-0.580389872,-0.027701934,0.707415072
A04_23,A4,AE. Transmontana,Via com portagem,-0.634178647,0.438091402,0.839250357
A04_24,A4,AE. Transmontana,Via com portagem,-0.628593476,0.447560418,0.937790963
A04_25,A4,AE. Transmontana,Via gratuita,-0.704512096,0.341786787,1.141724444
A04_26,A4,AE. Transmontana,Via gratuita,-0.587337463,0.106998708,1.331540917
A04_27,A4,AE. Transmontana,Via gratuita,-0.605483777,0.158352734,1.076688493
A04_28,A4,AE. Transmontana,Via gratuita,-0.627041927,0.152835235,1.078238406
A04_29,A4,AE. Transmontana,Via gratuita,-0.724691862,0.166791151,1.10226263
A04_30,A4,AE. Transmontana,Via gratuita,-0.762899345,0.248497842,1.138430086
A04_31,A4,AE. Transmontana,Via gratuita,-0.764688931,0.278027895,1.127151777
A04_32,A4,AE. Transmontana,Via gratuita,-0.761214418,0.261516582,1.13436752
A04_33,A4,AE. Transmontana,Via gratuita,-0.748835139,0.223861772,1.141192361
A04_34,A4,AE. Transmontana,Via gratuita,-0.804009225,0.425568793,1.262820049
A04_35,A4,AE. Transmontana,Via gratuita,-0.785474517,0.252180405,1.159134306
A04_36,A4,AE. Transmontana,Via gratuita,-0.787401621,0.249734444,1.168747158
A04_37,A4,AE. Transmontana,Via gratuita,-0.793596751,0.452140803,1.198740508
A04_38,A4,AE. Transmontana,Via gratuita,-0.77859805,0.478122565,1.1808064
A04_39,A4,AE. Transmontana,Via gratuita,-0.784795377,0.232237014,1.097132274
A04_40,A4,AE. Transmontana,Via gratuita,-0.791871784,0.170960589,1.075106297
A04_41,A4,AE. Transmontana,Via gratuita,-0.776364827,0.108094049,1.114330378
A04_42,A4,AE. Transmontana,Via gratuita,-0.768174257,0.13056523,1.136505481
A04_43,A4,AE. Transmontana,Via gratuita,-0.733560474,0.096575157,1.226697417
A04_44,A4,AE. Transmontana,Via com portagem,-0.921672603,1.664095242,1.641724527
A04_45,A4,AE. Transmontana,Via com portagem,-0.902690625,1.187237557,1.533759591
A04_46,A4,AE. Transmontana,Via gratuita,-0.860365641,0.905948523,1.461786469
A04_47,A4,AE. Transmontana,Via gratuita,-0.898982214,1.050360884,1.486171368
A04_48,A4,AE. Transmontana,Via gratuita,-0.904780418,1.169331137,1.576545442
A05_01,A5,Brisa,Via gratuita,2.945670101,-0.982702454,-1.461959677
A05_02,A5,Brisa,Via gratuita,2.91231163,-0.986306481,-1.378694171
A05_03,A5,Brisa,Via gratuita,1.523839896,-0.884513704,-1.420573377
A05_04,A5,Brisa,Via gratuita,3.47137885,-0.956662816,-1.334652102
A05_05,A5,Brisa,Via gratuita,3.099966691,-0.975939954,-1.260700983
A05_06,A5,Brisa,Via com portagem,2.771887584,-0.887922815,-1.468206347
A05_07,A5,Brisa,Via com portagem,1.592610815,-0.86787121,-1.328422917
A05_08,A5,Brisa,Via com portagem,0.747845223,-0.851860893,-1.360502085
A05_09,A5,Brisa,Via com portagem,0.382683691,-0.884638228,-1.463871918
A05_10,A5,Brisa,Via com portagem,0.470482624,-0.956095623,-1.109938202
A05_11,A5,Brisa,Via com portagem,0.162209586,-0.973981757,-1.047456227
A06_01,A6,Brisa,Via com portagem,-0.671659687,0.10112067,-0.032361754
A06_02,A6,Brisa,Via com portagem,-0.695499969,0.114976079,-0.027520208
A06_03,A6,Brisa,Via com portagem,-0.71681966,0.159621057,-0.006899885
A06_04,A6,Brisa,Via com portagem,-0.75198233,0.271054808,0.051860651
A06_05,A6,Brisa,Via com portagem,-0.866144587,0.940662194,0.45454511
A06_06,A6,Brisa,Via com portagem,-0.835400131,0.763679903,0.380319156
A06_07,A6,Brisa,Via com portagem,-0.870253978,1.156229431,0.557273331
A06_08,A6,Brisa,Via com portagem,-0.8711497,1.165725946,0.564367437
A06_09,A6,Brisa,Via gratuita,-0.803756997,0.16532729,0.704945474
A06_10,A6,Brisa,Via gratuita,-0.779194579,0.213977712,0.430477312
A06_11,A6,Brisa,Via gratuita,-0.771131897,0.159743924,0.232731766
A06_12,A6,Brisa,Via gratuita,-0.626363294,-0.195852044,-0.77351793
A06_13,A6,Brisa,Via gratuita,-0.637977104,-0.091084221,-0.529891626
A07_01,A7,Norte,Via com portagem,-0.694350752,1.113760586,1.415567534
A07_02,A7,Norte,Via com portagem,-0.6827834,1.083125447,1.429508891
A07_03,A7,Norte,Via com portagem,-0.318345356,-0.540349634,0.189867963
A07_04,A7,Norte,Via com portagem,-0.189192001,-0.246286809,0.525567246
A07_05,A7,Norte,Via com portagem,-0.29847492,-0.213840949,0.539707992
A07_06,A7,Norte,Via com portagem,-0.337641563,-0.294646233,0.359240209
A07_07,A7,Norte,Via com portagem,-0.572796084,0.822351203,1.112401719
A07_08,A7,Norte,Via com portagem,-0.538737693,0.706191451,1.032219148
A07_09,A7,Norte,Via com portagem,-0.732143571,1.495671879,1.416395294
A07_10,A7,Norte,Via com portagem,-0.772490347,1.637307806,1.518137538
A07_11,A7,Norte,Via com portagem,-0.808456498,1.912200087,1.612987019
A07_12,A7,Norte,Via com portagem,-0.830285798,2.161675849,1.62172637
A08_01,A8,Oeste,Via gratuita,0.686544089,-1.110392417,-1.58640086
A08_02,A8,Oeste,Via gratuita,1.698391852,-1.025168521,-1.573468321
A08_03,A8,Oeste,Via com portagem,0.626860053,-0.890304074,-1.603744178
A08_04,A8,Oeste,Via com portagem,0.829681657,-0.813278046,-1.159973079
A08_05,A8,Oeste,Via com portagem,0.675022774,-0.781281002,-1.012624714
A08_06,A8,Oeste,Via com portagem,-0.038538527,-0.555993521,-0.788988151
A08_07,A8,Oeste,Via com portagem,-0.089752988,-0.511402827,-0.670514335
A08_08,A8,Oeste,Via com portagem,-0.246053211,-0.337588904,-0.335509089
A08_09,A8,Oeste,Via com portagem,-0.172943311,-0.366768439,-0.292915044
A08_10,A8,Oeste,Via com portagem,-0.388395239,-0.186350988,-0.119536414
A08_11,A8,Oeste,Via com portagem,-0.408290424,-0.160782397,-0.102380745
A08_12,A8,Oeste,Via gratuita,-0.323653718,-0.194320826,0.00068336
A08_13,A8,Oeste,Via gratuita,-0.243701983,-0.224085472,0.084568827
A08_14,A8,Oeste,Via gratuita,-0.211160677,-0.247156035,0.144648228
A08_15,A8,Oeste,Via gratuita,-0.036318565,-0.063863311,0.430924096
A08_16,A8,Oeste,Via gratuita,-0.009874235,-0.114345626,0.388169004
A08_17,A8,Oeste,Via gratuita,-0.046943989,-0.20695006,0.339113655
A08_18,A8,Oeste,Via gratuita,-0.127797528,0.045286461,-0.041165622
A08_19,A8,Oeste,Via gratuita,-0.260848254,-0.04425815,0.414136788
A08_20,A8,Oeste,Via com portagem,-0.389855475,0.130300634,0.511600117
A08_21,A8,Oeste,Via com portagem,-0.542060921,0.360225498,0.52599636
A08_22,A8,Oeste,Via com portagem,-0.555165799,0.335607039,0.51535285
A08_23,A8,Oeste,Via com portagem,-0.574051481,0.60646383,0.653270124
A08_24,A8,Oeste,Via com portagem,-0.576582884,0.580223393,0.669703283
A08_25,A8,Oeste,Via com portagem,-0.545885985,0.445937218,0.632794719
A08_26,A8,Oeste,Via com portagem,-0.695943944,-0.023281079,0.655297474
A08_27,A8,Oeste,Via com portagem,-0.698574854,-0.00595056,0.627082734
A08_28,A8,Litoral Oeste,Via com portagem,-0.784176463,0.491839102,0.835043946
A08_29,A8,Litoral Oeste,Via com portagem,-0.798811942,0.621851994,0.879399247
A09_01,A9,Brisa,Via com portagem,-0.051767323,-0.630154968,-1.529244765
A09_02,A9,Brisa,Via com portagem,-0.153856083,-0.435014594,-1.263972364
A09_03,A9,Brisa,Via com portagem,0.160830525,-0.428584024,-1.116300869
A09_04,A9,Brisa,Via com portagem,-0.159983975,-0.401129366,-1.316692044
A09_05,A9,Brisa,Via com portagem,-0.12001723,-0.513037507,-1.376896201
A09_06,A9,Brisa,Via com portagem,-0.177065795,-0.716251558,-1.751912868
A09_07,A9,Brisa,Via com portagem,-0.485873867,-0.494308267,-1.417238601
A09_08,A9,Brisa,Via com portagem,-0.721606925,-0.683641768,-1.152072941
A10_01,A10,Brisa,Via com portagem,-0.553888271,-0.634246421,-1.52485912
A10_02,A10,Brisa,Via com portagem,-0.679859886,-0.473303683,-1.547606429
A10_03,A10,Brisa,Via com portagem,-0.761329551,0.233015226,0.239419661
A10_04,A10,Brisa,Via com portagem,-0.881762538,1.952870994,0.849019551
A11_01,A11,Norte,Via com portagem,-0.627939677,0.914274466,1.242601166
A11_02,A11,Norte,Via com portagem,-0.647700048,1.008519481,1.269248007
A11_03,A11,Norte,Via com portagem,-0.541060793,0.35415734,0.905008105
A11_04,A11,Norte,Via com portagem,-0.555012401,0.480817783,0.882075785
A11_05,A11,Norte,Via com portagem,-0.001038144,-0.477216005,-0.548596544
A11_06,A11,Norte,Via com portagem,-0.480296383,-0.158412357,0.290606698
A11_07,A11,Norte,Via com portagem,-0.313515518,-0.141757125,0.521118942
A11_08,A11,Norte,Via com portagem,-0.677518794,0.133328742,0.477528895
A11_09,A11,Norte,Via com portagem,-0.663611449,0.050938167,0.299623062
A11_10,A11,Norte,Via com portagem,-0.580110614,-0.147978546,-0.391387344
A11_11,A11,Norte,Via com portagem,-0.708642943,0.000800741,0.456154464
A11_12,A11,Norte,Via com portagem,-0.69361113,-0.041931418,0.510654037
A11_13,A11,Norte,Via com portagem,-0.471139643,-0.430900455,0.30240019
A12_01,A12,Lusoponte,Via com portagem,1.042368706,-0.59665837,-0.894276646
A12_02,A12,Brisa,Via com portagem,-0.33990604,0.156019976,-0.194072232
A12_03,A12,Brisa,Via com portagem,-0.350609853,0.154443979,-0.064120535
A12_04,A12,Brisa,Via com portagem,-0.205889904,-0.832659308,-0.963268218
A12_05,A12,Brisa,Via com portagem,-0.205889904,-0.832659308,-0.963268218
A13_01,A13,Brisa,Via com portagem,-0.782063525,3.53528381,1.216729013
A13_02,A13,Brisa,Via com portagem,-0.781910972,3.522568604,1.225695168
A13_03,A13,Brisa,Via com portagem,-0.766243521,3.184689074,1.175580926
A13_04,A13,Brisa,Via com portagem,-0.836270343,3.258538661,1.23923501
A13_05,A13,Brisa,Via com portagem,-0.840989356,3.338649047,1.274709078
A13_06,A13,Pinhal Interior,Via com portagem,-0.696793461,-0.406091558,-0.140323822
A13_07,A13,Pinhal Interior,Via com portagem,-0.759671485,-0.149696082,0.12427287
A13_08,A13,Pinhal Interior,Via com portagem,-0.755485648,-0.108347568,0.048564573
A13_09,A13,Pinhal Interior,Via com portagem,-0.766314898,-0.425344897,0.593980936
A13_10,A13,Pinhal Interior,Via com portagem,-0.797411595,-0.073053641,0.400365918
A13_11,A13,Pinhal Interior,Via com portagem,-0.828152333,0.198313011,0.509495776
A13_12,A13,Pinhal Interior,Via com portagem,-0.873577712,0.392359462,0.45378375
A13_13,A13,Pinhal Interior,Via com portagem,-0.872332959,0.344619662,0.48024198
A13_14,A13,Pinhal Interior,Via com portagem,-0.874786143,0.363390406,0.611548589
A13_15,A13,Pinhal Interior,Via com portagem,-0.868198564,0.421878953,0.365402375
A13_16,A13,Pinhal Interior,Via com portagem,-0.784037341,0.174656998,0.05795929
A13_17,A13,Pinhal Interior,Via com portagem,-0.776062677,-0.129774278,0.115345435
A13_18,A13,Pinhal Interior,Via com portagem,-0.754797047,-0.194122978,-0.219261208
A13_19,A13,Pinhal Interior,Via com portagem,-0.869002636,-1.159981799,-1.020959226
A13-1_01,A13-1,Pinhal Interior,Via com portagem,-0.847413063,0.184761971,0.390847287
A13-1_02,A13-1,Pinhal Interior,Via com portagem,-0.850187403,0.242915962,0.536110486
A14_01,A14,Brisa,Via gratuita,-0.527657059,0.095638974,1.300589429
A14_02,A14,Brisa,Via gratuita,-0.527657059,0.095638974,1.300589429
A14_03,A14,Brisa,Via gratuita,-0.536770044,0.128946813,1.30264672
A14_04,A14,Brisa,Via gratuita,-0.578987498,0.029813841,1.199848921
A14_05,A14,Brisa,Via com portagem,-0.847924108,0.916230418,1.224891839
A14_06,A14,Brisa,Via com portagem,-0.841125607,0.72680553,1.16899998
A14_07,A14,Brisa,Via com portagem,-0.828347966,0.587475807,1.058954208
A14_08,A14,Brisa,Via com portagem,-0.719891082,0.060886462,1.058678987
A14_09,A14,Brisa,Via gratuita,-0.435596012,0.196376825,0.474552694
A15_01,A15,Oeste,Via com portagem,-0.765883256,0.419748048,1.142965339
A15_02,A15,Oeste,Via com portagem,-0.803582989,0.554059313,0.927757955
A15_03,A15,Oeste,Via com portagem,-0.837164883,0.730591178,0.986026809
A15_04,A15,Oeste,Via com portagem,-0.850702502,0.569156675,0.889755165
A15_05,A15,Oeste,Via com portagem,-0.811164275,0.012903944,0.519911412
A15_06,A15,Oeste,Via com portagem,-0.811127192,0.038651144,0.510524877
A16_01,A16,Grande Lisboa,Via com portagem,0.638475806,-1.022408537,-0.559845321
A16_02,A16,Grande Lisboa,Via com portagem,0.482004023,-1.033347902,-0.6410903
A16_03,A16,Grande Lisboa,Via com portagem,0.445580298,-1.026236687,-0.60956419
A16_04,A16,Grande Lisboa,Via com portagem,0.049056833,-1.055186363,-0.827354632
A16_05,A16,Grande Lisboa,Via com portagem,0.465662247,-1.083947653,-1.307191277
A16_06,A16,Grande Lisboa,Via com portagem,-0.319605145,-0.757712581,-1.002100535
A16_07,A16,Grande Lisboa,Via com portagem,0.74265419,-1.029988149,-0.37192205
A16_08,A16,Grande Lisboa,Via com portagem,0.565677347,-1.083879842,-1.076827498
A16_09,A16,Grande Lisboa,Via com portagem,-0.536134997,-0.804440115,-0.370718879
A16_10,A16,Grande Lisboa,Via com portagem,-0.543343516,-0.57319415,-0.714735591
A16_11,A16,Grande Lisboa,Via com portagem,-0.371602391,-0.577771258,-0.932758705
A16_12,A16,Grande Lisboa,Via com portagem,-0.226643054,-0.668558815,-0.958885012
A16_13,A16,Grande Lisboa,Via com portagem,-0.211134069,-0.39989511,0.042448327
A16_14,A16,Grande Lisboa,Via com portagem,-0.316943657,-0.381724662,-0.515317824
A17_01,A17,Litoral Centro,Via com portagem,-0.753390026,0.875073161,0.567611317
A17_02,A17,Litoral Centro,Via com portagem,-0.708034842,0.546378756,0.525420962
A17_03,A17,Litoral Centro,Via com portagem,-0.719130089,0.579313078,0.523334535
A17_04,A17,Litoral Centro,Via com portagem,-0.723599577,0.625165665,0.544810314
A17_05,A17,Litoral Centro,Via com portagem,-0.731540284,0.687073307,0.519700473
A17_06,A17,Litoral Centro,Via com portagem,-0.738150417,0.971116492,0.660234216
A17_07,A17,Litoral Centro,Via com portagem,-0.748009189,1.027919624,0.668173791
A17_08,A17,Litoral Centro,Via com portagem,-0.77225628,1.071403106,0.622842921
A17_09,A17,Litoral Centro,Via com portagem,-0.736395041,0.831564823,0.659895857
A17_10,A17,Litoral Centro,Via com portagem,-0.727214227,0.788650093,0.661546045
A17_11,A17,Litoral Centro,Via com portagem,-0.710987498,0.707547071,0.639609481
A17_12,A17,Costa de Prata,Via com portagem,-0.669850166,0.827916004,0.728582877
A17_13,A17,Costa de Prata,Via com portagem,-0.573607336,0.381306469,0.209075778
A17_14,A17,Costa de Prata,Via com portagem,-0.574874052,0.351811121,0.597220112
A17_15,A17,Costa de Prata,Via com portagem,-0.396341183,-0.275810327,0.2070439
A17_16,A17,Costa de Prata,Via com portagem,-0.541799401,0.164413975,0.51612181
A17_17,A17,Costa de Prata,Via com portagem,-0.471414171,0.052815033,0.343573489
A19_01,A19,Litoral Oeste,Via com portagem,-0.819316157,-1.056377951,-0.896236917
A19_02,A19,Litoral Oeste,Via com portagem,-0.786369057,-1.056861865,-1.347139615
A19_03,A19,Litoral Oeste,Via com portagem,-0.814563356,-1.063257517,-1.046297888
A19_04,A19,IP,Via gratuita,0.147493523,-1.133018224,-1.040393988
A19_05,A19,IP,Via gratuita,0.262237357,-1.141720231,-0.984582122
A19_06,A19,IP,Via gratuita,0.527944924,-1.167641561,-1.016166659
A20_01,A20,IP,Via gratuita,0.152156194,-0.805812141,0.059084143
A20_02,A20,IP,Via gratuita,0.152156194,-0.805812141,0.059084143
A20_03,A20,IP,Via gratuita,0.152156194,-0.805812141,0.059084143
A20_04,A20,IP,Via gratuita,0.6735796,-0.597091033,-0.46144637
A20_05,A20,IP,Via gratuita,1.029414015,-0.735136659,-0.809154467
A20_06,A20,IP,Via gratuita,2.503295046,-0.899557535,-1.257231403
A20_07,A20,IP,Via gratuita,2.57478681,-1.014052442,-1.440691686
A20_08,A20,IP,Via gratuita,2.57478681,-1.014052442,-1.440691686
A20_09,A20,IP,Via gratuita,2.829107201,-1.170082119,-1.279986281
A20_10,A20,IP,Via gratuita,3.245578138,-1.15357778,-1.595627665
A20_11,A20,IP,Via gratuita,3.283776921,-1.087328083,-1.153784397
A20_12,A20,IP,Via gratuita,3.367761517,-1.090539972,-1.109976337
A20_13,A20,IP,Via gratuita,3.27888145,-1.174198227,-1.14988835
A20_14,A20,IP,Via gratuita,3.190001382,-1.148160067,-0.254912178
A21_01,A21,IP,Via com portagem,-0.673796276,-0.536200582,0.45952411
A21_02,A21,IP,Via com portagem,-0.681301455,-0.562214612,0.572201152
A21_03,A21,IP,Via com portagem,-0.419719666,-0.934654061,-0.234478849
A21_04,A21,IP,Via com portagem,-0.289622273,-1.086600979,-0.811073261
A22_01,A22,Algarve,Via com portagem,-0.820422971,0.553336608,0.906757217
A22_02,A22,Algarve,Via com portagem,-0.695335168,2.104112735,0.779368019
A22_03,A22,Algarve,Via com portagem,-0.677730223,2.37348415,0.7251507
A22_04,A22,Algarve,Via com portagem,-0.64357258,2.181432537,0.648795413
A22_05,A22,Algarve,Via com portagem,-0.644569159,2.156751173,0.808742547
A22_06,A22,Algarve,Via com portagem,-0.509158082,2.141426729,1.081417677
A22_07,A22,Algarve,Via com portagem,-0.3793897,2.243110364,0.746660528
A22_08,A22,Algarve,Via com portagem,-0.313045103,2.39310874,0.78176806
A22_09,A22,Algarve,Via com portagem,-0.317170797,2.451230514,0.752097224
A22_10,A22,Algarve,Via com portagem,-0.203094532,2.359597012,0.735715308
A22_11,A22,Algarve,Via com portagem,-0.18624492,1.96323763,0.636236275
A22_12,A22,Algarve,Via com portagem,-0.076689669,1.534448102,0.463332794
A22_13,A22,Algarve,Via com portagem,-0.145610016,1.650175143,0.451556136
A22_14,A22,Algarve,Via com portagem,-0.525153953,2.409059083,1.049035503
A22_15,A22,Algarve,Via com portagem,-0.562780282,2.597057088,0.950511059
A22_16,A22,Algarve,Via com portagem,-0.582628586,2.635310915,0.94978464
A22_17,A22,Algarve,Via com portagem,-0.713166661,3.132818313,1.064007422
A22_18,A22,Algarve,Via com portagem,-0.67874471,2.458028979,0.939720466
A22_19,A22,IP,Via gratuita,-0.628050248,2.624290368,0.784086171
A23_01,A23,IP,Via com portagem,-0.467821737,-0.023718705,0.412373392
A23_02,A23,IP,Via com portagem,-0.429641791,0.127394149,0.295851658
A23_03,A23,IP,Via com portagem,-0.441256868,-0.086233016,0.50007706
A23_04,A23,IP,Via com portagem,-0.458897121,-0.143133849,0.615779728
A23_05,A23,IP,Via com portagem,-0.498326129,-0.137377082,0.706635483
A23_06,A23,IP,Via com portagem,-0.506689187,-0.163107658,0.673673008
A23_07,A23,IP,Via com portagem,-0.544528296,-0.149446429,0.644367473
A23_08,A23,IP,Via com portagem,-0.592100231,0.218952422,0.648645451
A23_09,A23,IP,Via com portagem,-0.652645948,0.217621378,0.65002468
A23_10,A23,Beira Interior,Via com portagem,-0.688514282,0.635430146,0.82228494
A23_11,A23,Beira Interior,Via com portagem,-0.639005866,0.198943156,0.772238224
A23_12,A23,Beira Interior,Via com portagem,-0.74368254,0.771448283,0.893300514
A23_13,A23,Beira Interior,Via com portagem,-0.763928361,0.958899965,1.138254313
A23_14,A23,Beira Interior,Via com portagem,-0.769894324,0.935117183,0.998654053
A23_15,A23,Beira Interior,Via com portagem,-0.768537394,0.908729667,1.017990148
A23_16,A23,Beira Interior,Via com portagem,-0.715887109,0.799085731,0.973455978
A23_17,A23,Beira Interior,Via com portagem,-0.718235043,0.746272249,0.942419616
A23_18,A23,Beira Interior,Via com portagem,-0.757820489,1.160823076,1.055851681
A23_19,A23,Beira Interior,Via com portagem,-0.711446594,0.522309037,0.916417308
A23_20,A23,Beira Interior,Via com portagem,-0.730900169,0.657273874,0.868028324
A23_21,A23,Beira Interior,Via com portagem,-0.750379846,0.821202724,0.875560976
A23_22,A23,Beira Interior,Via com portagem,-0.77200194,0.847081704,1.167280336
A23_23,A23,Beira Interior,Via com portagem,-0.804759828,1.177631387,1.18845675
A23_24,A23,Beira Interior,Via com portagem,-0.618533158,-0.1253737,0.743671619
A23_25,A23,Beira Interior,Via com portagem,-0.772690119,0.621214828,1.168268116
A23_26,A23,Beira Interior,Via com portagem,-0.747899209,0.386060381,1.037530426
A23_27,A23,Beira Interior,Via com portagem,-0.766392949,0.539031876,0.972333339
A23_28,A23,Beira Interior,Via com portagem,-0.688020216,0.067931081,0.812595221
A23_29,A23,Beira Interior,Via com portagem,-0.726848809,0.159296906,0.988077244
A23_30,A23,Beira Interior,Via com portagem,-0.798434275,0.790373348,1.144777333
A23_31,A23,Beira Interior,Via com portagem,-0.823311768,1.22656612,1.117513917
A23_32,A23,Beira Interior,Via com portagem,-0.758121034,0.576720613,1.03466774
A23_33,A23,Beira Interior,Via com portagem,-0.818191183,0.974580038,1.004057663
A23_34,A23,Beira Interior,Via com portagem,-0.803946041,0.957446027,1.09196637
A23_35,A23,Beira Interior,Via com portagem,-0.795906082,0.90448869,0.981479341
A23_36,A23,Beira Interior,Via com portagem,-0.762333817,0.490277945,1.15902915
A24_01,A24,Interior Norte,Via com portagem,-0.86067683,2.785461071,1.719119258
A24_02,A24,Interior Norte,Via com portagem,-0.877974894,2.630129264,1.589377767
A24_03,A24,Interior Norte,Via com portagem,-0.882159802,3.453385291,1.665197009
A24_04,A24,Interior Norte,Via com portagem,-0.843223002,2.581677511,1.657573344
A24_05,A24,Interior Norte,Via com portagem,-0.820589124,2.245651563,1.657028283
A24_06,A24,Interior Norte,Via com portagem,-0.800324381,1.979541259,1.644622802
A24_07,A24,Interior Norte,Via com portagem,-0.798541046,1.940438559,1.642084292
A24_08,A24,Interior Norte,Via com portagem,-0.865627629,0.912721659,1.47259561
A24_09,A24,Interior Norte,Via com portagem,-0.873133145,0.868277036,1.516994126
A24_10,A24,Interior Norte,Via com portagem,-0.814186535,0.221905041,1.251558731
A24_11,A24,Interior Norte,Via com portagem,-0.857339158,0.414214486,1.021484499
A24_12,A24,Interior Norte,Via com portagem,-0.705783457,0.370097071,0.808321239
A24_13,A24,Interior Norte,Via com portagem,-0.691234054,0.0474244,0.789606451
A24_14,A24,Interior Norte,Via com portagem,-0.70779841,0.154438034,0.85710335
A24_15,A24,Interior Norte,Via com portagem,-0.817795778,0.60415634,1.02513066
A24_16,A24,Interior Norte,Via com portagem,-0.713791741,0.137986161,1.029049575
A24_17,A24,Interior Norte,Via com portagem,-0.852904725,1.189354826,1.052163885
A24_18,A24,Interior Norte,Via com portagem,-0.859627287,1.312353148,1.050221965
A24_19,A24,Interior Norte,Via com portagem,-0.828452794,0.901108188,1.11924118
A24_20,A24,Interior Norte,Via com portagem,-0.807635532,0.885293856,1.091643036
A24_21,A24,Interior Norte,Via com portagem,-0.806914494,0.882593899,1.082595114
A24_22,A24,Interior Norte,Via com portagem,-0.802116417,0.851154731,1.079029764
A24_23,A24,Interior Norte,Via com portagem,-0.844783927,0.897149499,1.147492679
A24_24,A24,IP,Via gratuita,-0.836412,0.885844468,1.136738202
A25_01,A25,Costa de Prata,Via gratuita,-0.184210708,0.636140439,1.185889764
A25_02,A25,Costa de Prata,Via gratuita,-0.184210708,0.636140439,1.185889764
A25_03,A25,Costa de Prata,Via gratuita,0.14552883,-0.200174291,0.983361676
A25_04,A25,Costa de Prata,Via com portagem,-0.066562704,-0.326143033,0.126758532
A25_05,A25,Costa de Prata,Via com portagem,-0.373040665,-0.052234933,0.457782987
A25_06,A25,Costa de Prata,Via com portagem,0.019037723,-0.099050505,0.192715883
A25_07,A25,Costa de Prata,Via com portagem,-0.042703753,-0.108062475,0.325251795
A25_08,A25,Costa de Prata,Via com portagem,-0.038898708,-0.028142289,0.459157951
A25_09,A25,Costa de Prata,Via com portagem,-0.301835568,0.160280044,0.55019693
A25_10,A25,Beiras Litoral e Alta,Via com portagem,-0.426458362,0.087909399,0.753920148
A25_11,A25,Beiras Litoral e Alta,Via com portagem,-0.426588869,0.10818973,0.466734796
A25_12,A25,Beiras Litoral e Alta,Via com portagem,-0.55857451,0.381883816,0.940575411
A25_13,A25,Beiras Litoral e Alta,Via com portagem,-0.498981111,0.58263537,0.967810503
A25_14,A25,Beiras Litoral e Alta,Via com portagem,-0.550751723,0.359778691,0.976191256
A25_15,A25,Beiras Litoral e Alta,Via com portagem,-0.551303989,0.289182111,0.97270489
A25_16,A25,Beiras Litoral e Alta,Via com portagem,-0.512897579,-0.062326423,0.596947794
A25_17,A25,Beiras Litoral e Alta,Via com portagem,-0.654567983,0.538918972,1.021704108
A25_18,A25,Beiras Litoral e Alta,Via com portagem,-0.659990802,0.404646703,0.961340975
A25_19,A25,Beiras Litoral e Alta,Via com portagem,-0.720023446,0.556524286,1.067396832
A25_20,A25,Beiras Litoral e Alta,Via com portagem,-0.714669809,0.544792736,1.09364658
A25_21,A25,Beiras Litoral e Alta,Via com portagem,-0.560050627,0.166932729,1.03365614
A25_22,A25,Beiras Litoral e Alta,Via com portagem,-0.768456641,1.196122763,1.282362812
A25_23,A25,Beiras Litoral e Alta,Via com portagem,-0.573382645,0.158703158,0.694452577
A25_24,A25,Beiras Litoral e Alta,Via com portagem,-0.497847351,-0.016650207,0.989952512
A25_25,A25,Beiras Litoral e Alta,Via com portagem,-0.499651128,-0.01487439,1.041340238
A25_26,A25,Beiras Litoral e Alta,Via com portagem,-0.668102223,0.554836582,1.193130729
A25_27,A25,Beiras Litoral e Alta,Via com portagem,-0.684235528,0.544761477,0.907752679
A25_28,A25,Beiras Litoral e Alta,Via com portagem,-0.701896138,0.572863236,1.214515099
A25_29,A25,Beiras Litoral e Alta,Via com portagem,-0.685448774,0.659255357,0.864363636
A25_30,A25,Beiras Litoral e Alta,Via com portagem,-0.685324602,0.541267921,1.215872619
A25_31,A25,Beiras Litoral e Alta,Via com portagem,-0.686785261,-0.092105845,0.882823877
A25_32,A25,Beiras Litoral e Alta,Via com portagem,-0.687172557,0.807100123,1.132685244
A25_33,A25,Beiras Litoral e Alta,Via com portagem,-0.689409075,0.826879761,1.252847795
A25_34,A25,Beiras Litoral e Alta,Via com portagem,-0.699269452,0.691192945,0.990047792
A25_35,A25,Beiras Litoral e Alta,Via com portagem,-0.746096614,1.708701985,1.508540492
A25_36,A25,Beiras Litoral e Alta,Via com portagem,-0.736625645,1.653914755,1.455592003
A25_37,A25,Beiras Litoral e Alta,Via com portagem,-0.770829831,1.876364755,1.535888705
A25_38,A25,IP,Via gratuita,-0.706731343,1.876364755,1.535888705
A27_01,A27,Norte Litoral,Via gratuita,-0.588064498,0.100199759,1.144100747
A27_02,A27,Norte Litoral,Via gratuita,-0.610210392,0.054996791,0.976354355
A27_03,A27,Norte Litoral,Via gratuita,-0.666806619,0.252982484,1.113441794
A27_04,A27,Norte Litoral,Via gratuita,-0.67390085,0.258856138,1.104733798
A27_05,A27,Norte Litoral,Via gratuita,-0.741051631,0.444079102,1.18632391
A28_01,A28,IP,Via gratuita,2.414241958,-1.098990604,-1.459796533
A28_02,A28,IP,Via gratuita,2.414241958,-1.098990604,-1.459796533
A28_03,A28,IP,Via gratuita,3.002445067,-1.193878169,-1.171123133
A28_04,A28,IP,Via gratuita,3.002445067,-1.193878169,-1.171123133
A28_05,A28,IP,Via gratuita,1.754443331,-1.167262104,-1.329145105
A28_06,A28,Norte Litoral,Via gratuita,1.713201086,-1.117608507,-1.131132307
A28_07,A28,Norte Litoral,Via gratuita,1.713201086,-1.117608507,-1.131132307
A28_08,A28,Norte Litoral,Via gratuita,1.713201086,-1.117608507,-1.131132307
A28_09,A28,Norte Litoral,Via gratuita,1.099246049,-1.058407488,-0.745218423
A28_10,A28,Norte Litoral,Via gratuita,1.086861702,-0.956227329,-0.157725713
A28_11,A28,Norte Litoral,Via gratuita,0.895720387,-0.910649567,-0.76689722
A28_12,A28,Norte Litoral,Via com portagem,1.005294897,-0.494018076,-0.940501721
A28_13,A28,Norte Litoral,Via com portagem,0.654110736,-0.676998843,-0.479857501
A28_14,A28,Norte Litoral,Via com portagem,0.621987304,-0.73320355,-0.014399586
A28_15,A28,Norte Litoral,Via gratuita,0.702336809,-0.615775317,-0.242896806
A28_16,A28,Norte Litoral,Via com portagem,0.436823524,-0.207392344,0.574267632
A28_17,A28,Norte Litoral,Via com portagem,-0.157907612,-0.055453717,0.623581557
A28_18,A28,Norte Litoral,Via com portagem,-0.147903044,0.013049184,0.712822606
A28_19,A28,Norte Litoral,Via gratuita,-0.222680978,0.203641218,0.948441646
A28_20,A28,Norte Litoral,Via com portagem,-0.480985322,0.279534797,0.892002745
A28_21,A28,Norte Litoral,Via com portagem,-0.490475298,0.100539985,0.909238557
A28_22,A28,Norte Litoral,Via com portagem,-0.455278248,0.218407691,0.994423642
A28_23,A28,Norte Litoral,Via com portagem,0.035936581,-0.377010257,0.918033175
A28_24,A28,Norte Litoral,Via gratuita,-0.42567034,-0.128201059,0.937449313
A28_25,A28,Norte Litoral,Via gratuita,-0.658420585,0.416285091,1.133177146
A28_26,A28,Norte Litoral,Via gratuita,-0.680398299,0.506120903,1.194101404
A28_27,A28,Norte Litoral,Via gratuita,-0.710724796,0.557467217,1.223356039
A28_28,A28,Norte Litoral,Via gratuita,-0.77337948,-0.061083242,0.783548149
A28_29,A28,Norte Litoral,Via gratuita,-0.777047768,0.026241584,0.918838988
A28_30,A28,Norte Litoral,Via gratuita,-0.797303726,-0.298205107,0.336290957
A29_01,A29,Costa de Prata,Via com portagem,-0.557087074,-0.483416774,-0.358437663
A29_02,A29,Costa de Prata,Via com portagem,-0.577543479,-0.662482601,-0.430941926
A29_03,A29,Costa de Prata,Via com portagem,-0.606524028,-0.732712889,-0.508177895
A29_04,A29,Costa de Prata,Via com portagem,-0.56698183,-0.776010666,-1.104973743
A29_05,A29,Costa de Prata,Via com portagem,-0.48660369,-0.739899059,-0.574043344
A29_06,A29,Costa de Prata,Via gratuita,-0.017877028,-1.009003746,-1.134878289
A29_07,A29,Costa de Prata,Via gratuita,0.014330452,-0.855497837,-1.480914292
A29_08,A29,Costa de Prata,Via gratuita,0.166986377,-0.727482498,-1.594787725
A29_09,A29,Costa de Prata,Via gratuita,0.266848501,-0.907843077,-0.958860825
A29_10,A29,Costa de Prata,Via gratuita,0.266848501,-0.907843077,-0.958860825
A29_11,A29,Costa de Prata,Via com portagem,0.511394844,-0.974771097,-1.384745599
A29_12,A29,Costa de Prata,Via com portagem,0.450477374,-0.975616345,-1.126488044
A29_13,A29,Costa de Prata,Via gratuita,-0.265965206,-1.07333976,-1.583138292
A29_14,A29,Costa de Prata,Via gratuita,0.028743858,-1.140219194,-1.618615992
A29_15,A29,Costa de Prata,Via gratuita,-0.08935716,-1.098169745,-0.631364507
A29_16,A29,Costa de Prata,Via gratuita,-0.089370253,-1.098162795,-0.63075078
A32_01,A32,Douro Litoral,Via com portagem,-0.901609238,-0.849239558,-1.199707819
A32_02,A32,Douro Litoral,Via com portagem,-0.861195308,-0.864384716,-1.072718049
A32_03,A32,Douro Litoral,Via com portagem,-0.650837694,-0.83793773,-0.869195733
A32_04,A32,Douro Litoral,Via com portagem,-0.627922867,-0.925577297,-1.418952269
A32_05,A32,Douro Litoral,Via com portagem,-0.499851999,-0.842187295,-0.980154827
A32_06,A32,Douro Litoral,Via com portagem,-0.599096139,-0.86708239,-1.458061018
A32_07,A32,Douro Litoral,Via com portagem,-0.515971788,-0.908774611,-1.581169223
A33_01,A33,Baixo Tejo,Via com portagem,0.365557861,-0.717268687,-0.388257988
A33_02,A33,Baixo Tejo,Via com portagem,0.364211406,-0.717310125,-0.388253243
A33_03,A33,Baixo Tejo,Via com portagem,0.096573103,-0.640675439,-0.250739825
A33_04,A33,Baixo Tejo,Via com portagem,-0.462348321,-0.555969549,-0.389315614
A33_05,A33,Baixo Tejo,Via com portagem,-0.430946349,-0.451139851,-0.408400265
A33_06,A33,Baixo Tejo,Via com portagem,-0.452881744,-0.203244569,-0.084872855
A33_07,A33,Baixo Tejo,Via com portagem,-0.481839063,-0.402958401,-0.11707815
A33_08,A33,Baixo Tejo,Via com portagem,-0.446902604,-0.251678846,-0.134202572
A33_09,A33,Baixo Tejo,Via gratuita,0.20655476,-0.609947451,-0.528297453
A33_10,A33,Baixo Tejo,Via gratuita,0.359155864,-0.7646809,-0.859424859
A33_11,A33,Baixo Tejo,Via gratuita,0.336158087,-0.821083488,-1.092046139
A33_12,A33,Baixo Tejo,Via gratuita,0.336158087,-0.821083488,-1.092046139
A41_01,A41,Grande Porto,Via com portagem,0.024597468,-0.439995066,-0.555283056
A41_02,A41,Grande Porto,Via com portagem,0.002618825,-0.535490544,-0.546375456
A41_03,A41,Grande Porto,Via com portagem,-0.025624045,-0.602132161,-1.053479373
A41_04,A41,Grande Porto,Via com portagem,0.08024197,-0.655018415,-1.066225303
A41_05,A41,Grande Porto,Via com portagem,0.139258268,-0.727624354,-1.462035759
A41_06,A41,Grande Porto,Via com portagem,0.409689325,-0.803400431,-1.181341797
A41_07,A41,Grande Porto,Via com portagem,0.422550422,-0.944064616,-1.600574963
A41_08,A41,Grande Porto,Via com portagem,-0.103168801,-0.79676925,-1.533966295
A41_09,A41,Grande Porto,Via com portagem,-0.002552104,-0.330805721,-0.279681118
A41_10,A41,Grande Porto,Via com portagem,-0.157983889,-0.793860687,-1.490759887
A41_11,A41,Douro Litoral,Via com portagem,-0.560742438,-0.51980948,-1.147492178
A41_12,A41,Douro Litoral,Via com portagem,-0.649642778,-0.486625306,-1.211375845
A41_13,A41,Douro Litoral,Via com portagem,-0.506537901,-0.239315992,-0.556560946
A41_14,A41,Douro Litoral,Via com portagem,-0.501822773,-0.194596712,-0.562158273
A41_15,A41,Douro Litoral,Via com portagem,-0.507223461,-0.174427457,-0.468590381
A41_16,A41,Douro Litoral,Via com portagem,-0.491708732,-0.222448864,-0.288159109
A41_17,A41,Douro Litoral,Via com portagem,-0.530960605,-0.067719479,-0.131284987
A41_18,A41,Douro Litoral,Via com portagem,-0.627541907,0.228087698,0.414973025
A41_19,A41,Douro Litoral,Via com portagem,-0.625233082,0.244800996,0.450511901
A41_20,A41,Douro Litoral,Via gratuita,-0.322685773,-0.708288512,-0.331021655
A41_21,A41,Douro Litoral,Via gratuita,-0.327098329,-0.708279934,-0.330522027
A41_22,A41,Douro Litoral,Via gratuita,-0.321516368,-0.708271895,-0.330364874
A41_23,A41,Douro Litoral,Via gratuita,-0.303506726,-0.70821578,-0.330895203
A42_01,A42,Grande Porto,Via com portagem,-0.255251595,-0.861630971,-1.388192826
A42_02,A42,Grande Porto,Via com portagem,-0.207627626,-0.960705062,-1.40572263
A42_03,A42,Grande Porto,Via com portagem,-0.386227648,-0.910185969,-1.274775614
A42_04,A42,Grande Porto,Via com portagem,-0.510315155,-0.864375236,-1.37412249
A42_05,A42,Grande Porto,Via com portagem,-0.384741479,-0.920537135,-1.764080491
A42_06,A42,Grande Porto,Via com portagem,-0.655176,-0.66881382,-0.744528671
A43_01,A43,IP,Via gratuita,0.432624087,-0.991448762,-1.486189272
A43_02,A43,IP,Via gratuita,0.430846158,-1.134071366,-1.489562827
A43_03,A43,IP,Via gratuita,0.440494853,-1.165426519,-1.608607454
A43_04,A43,IP,Via gratuita,0.116480199,-1.200985771,-1.540855893
A43_05,A43,IP,Via gratuita,-0.095436313,-0.915249675,0.147552137
A43_06,A43,Douro Litoral,Via com portagem,-0.703188448,-1.112023013,-1.247477836
A43_07,A43,Douro Litoral,Via com portagem,-0.808532267,-0.740420747,-1.301166123
A44_01,A44,Costa de Prata,Via gratuita,0.457882709,-0.909319921,-1.312328359
A44_02,A44,Costa de Prata,Via gratuita,0.902841141,-1.078069888,-0.380752468
A44_03,A44,Costa de Prata,Via gratuita,1.259301312,-1.046795314,-0.784420742
A44_04,A44,Costa de Prata,Via gratuita,1.645157455,-1.132090659,-0.622177144
A44_05,A44,IP,Via gratuita,1.201390306,-1.05467383,-1.18294725
A44_06,A44,IP,Via gratuita,1.201390306,-1.05467383,-1.18294725
A44_07,A44,IP,Via gratuita,1.201390306,-1.05467383,-1.18294725
A44_08,A44,IP,Via gratuita,0.945506034,-1.013880705,-1.180788669
A44_09,A44,IP,Via gratuita,0.879248019,-0.96364241,-1.13089396
IP7_01,IP7,IP,Via gratuita,0.72888867,-0.658555577,-1.075438888
IP7_02,IP7,IP,Via gratuita,0.805213169,-0.849580326,-0.140027997
IP7_03,IP7,IP,Via gratuita,0.83531827,-0.93111174,-0.190980981
IP7_04,IP7,IP,Via gratuita,1.129706094,-0.857867758,-1.473499358
IP7_05,IP7,IP,Via gratuita,1.527393304,-0.991495026,-1.656111128
IP7_06,IP7,IP,Via gratuita,2.395401637,-1.188360615,-0.258087522
IP7_07,IP7,IP,Via gratuita,2.496714453,-1.215327789,-0.339218541
IP7_08,IP7,IP,Via gratuita,2.289260081,-1.158067138,-0.737224204
IP7_09,IP7,IP,Via gratuita,2.491685857,-0.980799121,-1.217421656
IP7_10,IP7,IP,Via gratuita,0.984148032,-1.237287801,-0.916203305
IP7_11,IP7,IP,Via gratuita,1.240008991,-1.057315243,-0.966132497
IC02_01,IC02,IP,Via gratuita,0.412265582,-1.055603631,-0.84075531
IC02_02,IC02,IP,Via gratuita,0.60318018,-1.045948652,-0.609882372
IC02_03,IC02,IP,Via gratuita,-0.187447353,-0.982891387,-1.159622718
IC02_04,IC02,IP,Via gratuita,-0.465566214,-0.68266198,-1.13332924
IC16_01,IC16,IP,Via gratuita,0.961406792,-1.069216972,-0.527375486
IC16_02,IC16,IP,Via gratuita,0.113520616,-0.901563812,-0.635839695
IC16_03,IC16,IP,Via gratuita,-0.26970918,-0.167304652,-0.640539621
IC17_01,IC17,IP,Via gratuita,-0.306893982,-0.689718312,0.220976288
IC17_02,IC17,IP,Via gratuita,-0.275316059,-0.607114691,-0.03815665
IC17_03,IC17,IP,Via gratuita,0.018827984,-0.832377443,-0.314306096
IC17_04,IC17,IP,Via gratuita,1.87745587,-0.686837966,-1.311097274
IC17_05,IC17,IP,Via gratuita,2.104393889,-0.936358537,-0.695859098
IC17_06,IC17,IP,Via gratuita,2.331321518,-1.032388049,-0.466530644
IC17_12,IC17,IP,Via gratuita,1.614554234,-0.773124017,-0.212838737
IC17_13,IC17,IP,Via gratuita,1.797590548,-0.785524659,-1.146838724
IC17_14,IC17,IP,Via gratuita,2.018815931,-1.056491404,-0.574550398
IC17_15,IC17,IP,Via gratuita,0.634033686,-0.899246173,-1.394871123
IC17_16,IC17,IP,Via gratuita,2.186101252,-0.655530824,-1.879720626
IC17_17,IC17,IP,Via gratuita,2.456306943,-0.502577278,-1.503094549
IC19_01,IC19,IP,Via gratuita,2.674341717,-0.889321344,-1.6500831
IC19_02,IC19,IP,Via gratuita,2.360168265,-1.043321576,-1.563813747
IC19_03,IC19,IP,Via gratuita,2.218468212,-1.126088283,-1.154325523
IC19_04,IC19,IP,Via gratuita,2.084042142,-0.819949524,-1.097036444
IC19_05,IC19,IP,Via gratuita,2.892609628,-0.691126234,-1.475906557
IC19_06,IC19,IP,Via gratuita,2.817561052,-0.772417251,-1.133232438
IC19_07,IC19,IP,Via gratuita,3.075173923,-0.726255871,-1.927938417
IC19_09,IC19,IP,Via gratuita,2.767026323,-0.516392978,-2.085088371
IC19_10,IC19,IP,Via gratuita,2.554030789,-0.87323425,-1.218027227
IC19_11,IC19,IP,Via gratuita,2.480676854,-0.780430057,-1.403276124
IC19_12,IC19,IP,Via gratuita,2.159810236,-0.386647686,-1.900408504
IC19_13,IC19,IP,Via gratuita,2.36054382,-0.374583504,-2.115519301
IC19_14,IC19,IP,Via gratuita,2.464049399,-0.798696771,-1.251982841
IC19_15,IC19,IP,Via gratuita,2.254894641,-0.810122739,-1.32913499
IC19_16,IC19,IP,Via gratuita,1.538157344,-0.928048513,-1.869319121
IC19_17,IC19,IP,Via gratuita,1.243551418,-1.090915135,-0.153030682
IC20_01,IC20,Baixo Tejo,Via gratuita,1.24002335,-0.582329763,0.347913047
IC20_02,IC20,Baixo Tejo,Via gratuita,1.200507339,-0.324593786,0.379591289
IC20_03,IC20,Baixo Tejo,Via gratuita,0.153762227,0.254175567,0.831293099
IC20_04,IC20,Baixo Tejo,Via gratuita,0.060548161,0.229959234,0.782847932
IC20_05,IC20,Baixo Tejo,Via gratuita,-0.031070853,0.260193448,0.749529717
IC20_06,IC20,Baixo Tejo,Via gratuita,-0.031070853,0.260193448,0.749529717
IC21_01,IC21,Baixo Tejo,Via gratuita,0.039626071,-1.024611377,-1.386592556
IC21_02,IC21,Baixo Tejo,Via gratuita,0.039626071,-1.024611377,-1.386592556
IC21_03,IC21,Baixo Tejo,Via gratuita,0.009132661,-1.103766358,-1.300551642
IC21_04,IC21,Baixo Tejo,Via gratuita,-0.023376461,-1.16477152,-1.34520263
IC21_05,IC21,Baixo Tejo,Via gratuita,-0.310404818,-1.170685461,-1.365473134
IC21_06,IC21,Baixo Tejo,Via gratuita,-0.404620193,-1.181727028,-1.286210379
IC22_01,IC22,IP,Via gratuita,0.458886299,-0.998744741,-1.180685547
IC22_02,IC22,IP,Via gratuita,-0.358841053,-0.705392726,-1.234343877
CSB_01,CSB,Brisa,Via gratuita,-0.362218848,-0.244583904,-0.197601656
CSB_02,CSB,Brisa,Via gratuita,0.003745404,-0.41755378,-0.362075544
CSB_03,CSB,Brisa,Via gratuita,0.076388945,-1.030557507,-1.750774246
CSB_04,CSB,Brisa,Via gratuita,0.204448664,-1.063102902,-1.89695257
CSB_05,CSB,Brisa,Via gratuita,0.344532971,-1.042251618,-1.569003944
VRI_01,VRI,Grande Porto,Via gratuita,0.351337554,-0.472571639,-0.603206827
VRI_02,VRI,Grande Porto,Via gratuita,0.355397699,-0.392970855,-1.602973557
VRI_03,VRI,Grande Porto,Via gratuita,0.285484236,-0.65565241,-1.112157545
IC19_08,IC19,IP,Via gratuita,2.696146436,-0.400841403,-1.911166091
